OA,geography_code
N20000001,N21000001
N20000002,N21000002
N20000003,N21000001
N20000004,N21000001
N20000005,N21000002
N20000006,N21000001
N20000007,N21000003
N20000008,N21000001
N20000009,N21000001
N20000010,N21000002
N20000011,N21000004
N20000012,N21000004
N20000013,N21000006
N20000014,N21000004
N20000015,N21000003
N20000016,N21000005
N20000017,N21000005
N20000018,N21000005
N20000019,N21000004
N20000020,N21000004
N20000021,N21000005
N20000022,N21000003
N20000023,N21000004
N20000024,N21000003
N20000025,N21000006
N20000026,N21000002
N20000027,N21000006
N20000028,N21000006
N20000029,N21000006
N20000030,N21000002
N20000031,N21000002
N20000032,N21000006
N20000033,N21000006
N20000034,N21000006
N20000035,N21000007
N20000036,N21000007
N20000037,N21000007
N20000038,N21000008
N20000039,N21000008
N20000040,N21000007
N20000041,N21000009
N20000042,N21000008
N20000043,N21000010
N20000044,N21000009
N20000045,N21000009
N20000046,N21000010
N20000047,N21000010
N20000048,N21000009
N20000049,N21000013
N20000050,N21000011
N20000051,N21000012
N20000052,N21000012
N20000053,N21000011
N20000054,N21000010
N20000055,N21000011
N20000056,N21000011
N20000057,N21000013
N20000058,N21000014
N20000059,N21000012
N20000060,N21000015
N20000061,N21000014
N20000062,N21000014
N20000063,N21000013
N20000064,N21000015
N20000065,N21000015
N20000066,N21000016
N20000067,N21000016
N20000068,N21000013
N20000069,N21000017
N20000070,N21000015
N20000071,N21000013
N20000072,N21000017
N20000073,N21000012
N20000074,N21000016
N20000075,N21000017
N20000076,N21000018
N20000077,N21000018
N20000078,N21000012
N20000079,N21000016
N20000080,N21000015
N20000081,N21000018
N20000082,N21000016
N20000083,N21000018
N20000084,N21000018
N20000085,N21000017
N20000086,N21000024
N20000087,N21000019
N20000088,N21000024
N20000089,N21000024
N20000090,N21000020
N20000091,N21000019
N20000092,N21000020
N20000093,N21000020
N20000094,N21000020
N20000095,N21000021
N20000096,N21000019
N20000097,N21000020
N20000098,N21000022
N20000099,N21000019
N20000100,N21000024
N20000101,N21000022
N20000102,N21000022
N20000103,N21000021
N20000104,N21000021
N20000105,N21000021
N20000106,N21000022
N20000107,N21000022
N20000108,N21000021
N20000109,N21000023
N20000110,N21000023
N20000111,N21000023
N20000112,N21000021
N20000113,N21000022
N20000114,N21000023
N20000115,N21000023
N20000116,N21000025
N20000117,N21000025
N20000118,N21000025
N20000119,N21000025
N20000120,N21000026
N20000121,N21000024
N20000122,N21000026
N20000123,N21000026
N20000124,N21000027
N20000125,N21000028
N20000126,N21000029
N20000127,N21000027
N20000128,N21000029
N20000129,N21000027
N20000130,N21000030
N20000131,N21000027
N20000132,N21000031
N20000133,N21000029
N20000134,N21000031
N20000135,N21000030
N20000136,N21000030
N20000137,N21000028
N20000138,N21000036
N20000139,N21000028
N20000140,N21000033
N20000141,N21000027
N20000142,N21000032
N20000143,N21000031
N20000144,N21000030
N20000145,N21000032
N20000146,N21000035
N20000147,N21000032
N20000148,N21000034
N20000149,N21000031
N20000150,N21000035
N20000151,N21000034
N20000152,N21000033
N20000153,N21000036
N20000154,N21000032
N20000155,N21000035
N20000156,N21000034
N20000157,N21000034
N20000158,N21000033
N20000159,N21000035
N20000160,N21000033
N20000161,N21000036
N20000162,N21000033
N20000163,N21000036
N20000164,N21000037
N20000165,N21000037
N20000166,N21000038
N20000167,N21000038
N20000168,N21000039
N20000169,N21000038
N20000170,N21000039
N20000171,N21000039
N20000172,N21000038
N20000173,N21000037
N20000174,N21000040
N20000175,N21000039
N20000176,N21000039
N20000177,N21000038
N20000178,N21000041
N20000179,N21000041
N20000180,N21000040
N20000181,N21000042
N20000182,N21000040
N20000183,N21000042
N20000184,N21000042
N20000185,N21000041
N20000186,N21000044
N20000187,N21000042
N20000188,N21000044
N20000189,N21000045
N20000190,N21000043
N20000191,N21000041
N20000192,N21000043
N20000193,N21000043
N20000194,N21000046
N20000195,N21000043
N20000196,N21000045
N20000197,N21000046
N20000198,N21000046
N20000199,N21000043
N20000200,N21000046
N20000201,N21000045
N20000202,N21000046
N20000203,N21000045
N20000204,N21000045
N20000205,N21000044
N20000206,N21000044
N20000207,N21000047
N20000208,N21000047
N20000209,N21000047
N20000210,N21000047
N20000211,N21000050
N20000212,N21000048
N20000213,N21000048
N20000214,N21000049
N20000215,N21000050
N20000216,N21000049
N20000217,N21000048
N20000218,N21000049
N20000219,N21000050
N20000220,N21000049
N20000221,N21000051
N20000222,N21000052
N20000223,N21000051
N20000224,N21000049
N20000225,N21000052
N20000226,N21000051
N20000227,N21000050
N20000228,N21000052
N20000229,N21000052
N20000230,N21000051
N20000231,N21000053
N20000232,N21000054
N20000233,N21000053
N20000234,N21000054
N20000235,N21000054
N20000236,N21000055
N20000237,N21000055
N20000238,N21000053
N20000239,N21000054
N20000240,N21000053
N20000241,N21000054
N20000242,N21000055
N20000243,N21000056
N20000244,N21000056
N20000245,N21000056
N20000246,N21000057
N20000247,N21000057
N20000248,N21000058
N20000249,N21000056
N20000250,N21000056
N20000251,N21000058
N20000252,N21000058
N20000253,N21000057
N20000254,N21000057
N20000255,N21000058
N20000256,N21000058
N20000257,N21000059
N20000258,N21000060
N20000259,N21000059
N20000260,N21000059
N20000261,N21000061
N20000262,N21000061
N20000263,N21000060
N20000264,N21000060
N20000265,N21000062
N20000266,N21000061
N20000267,N21000062
N20000268,N21000064
N20000269,N21000062
N20000270,N21000063
N20000271,N21000062
N20000272,N21000063
N20000273,N21000063
N20000274,N21000065
N20000275,N21000063
N20000276,N21000063
N20000277,N21000063
N20000278,N21000061
N20000279,N21000064
N20000280,N21000065
N20000281,N21000065
N20000282,N21000064
N20000283,N21000066
N20000284,N21000066
N20000285,N21000065
N20000286,N21000067
N20000287,N21000066
N20000288,N21000066
N20000289,N21000067
N20000290,N21000066
N20000291,N21000067
N20000292,N21000067
N20000293,N21000064
N20000294,N21000067
N20000295,N21000068
N20000296,N21000068
N20000297,N21000068
N20000298,N21000068
N20000299,N21000072
N20000300,N21000068
N20000301,N21000072
N20000302,N21000068
N20000303,N21000070
N20000304,N21000070
N20000305,N21000072
N20000306,N21000069
N20000307,N21000069
N20000308,N21000070
N20000309,N21000071
N20000310,N21000076
N20000311,N21000069
N20000312,N21000071
N20000313,N21000073
N20000314,N21000069
N20000315,N21000070
N20000316,N21000071
N20000317,N21000071
N20000318,N21000071
N20000319,N21000073
N20000320,N21000073
N20000321,N21000073
N20000322,N21000071
N20000323,N21000073
N20000324,N21000070
N20000325,N21000074
N20000326,N21000070
N20000327,N21000073
N20000328,N21000074
N20000329,N21000074
N20000330,N21000074
N20000331,N21000074
N20000332,N21000075
N20000333,N21000075
N20000334,N21000075
N20000335,N21000074
N20000336,N21000075
N20000337,N21000075
N20000338,N21000076
N20000339,N21000076
N20000340,N21000072
N20000341,N21000076
N20000342,N21000072
N20000343,N21000076
N20000344,N21000077
N20000345,N21000076
N20000346,N21000077
N20000347,N21000077
N20000348,N21000078
N20000349,N21000078
N20000350,N21000078
N20000351,N21000078
N20000352,N21000078
N20000353,N21000077
N20000354,N21000077
N20000355,N21000077
N20000356,N21000079
N20000357,N21000079
N20000358,N21000080
N20000359,N21000079
N20000360,N21000080
N20000361,N21000079
N20000362,N21000079
N20000363,N21000080
N20000364,N21000080
N20000365,N21000080
N20000366,N21000080
N20000367,N21000087
N20000368,N21000093
N20000369,N21000087
N20000370,N21000081
N20000371,N21000082
N20000372,N21000081
N20000373,N21000082
N20000374,N21000081
N20000375,N21000082
N20000376,N21000082
N20000377,N21000084
N20000378,N21000083
N20000379,N21000082
N20000380,N21000081
N20000381,N21000083
N20000382,N21000083
N20000383,N21000093
N20000384,N21000086
N20000385,N21000085
N20000386,N21000083
N20000387,N21000085
N20000388,N21000085
N20000389,N21000088
N20000390,N21000085
N20000391,N21000085
N20000392,N21000086
N20000393,N21000084
N20000394,N21000085
N20000395,N21000084
N20000396,N21000088
N20000397,N21000086
N20000398,N21000089
N20000399,N21000088
N20000400,N21000089
N20000401,N21000087
N20000402,N21000088
N20000403,N21000089
N20000404,N21000090
N20000405,N21000090
N20000406,N21000091
N20000407,N21000090
N20000408,N21000087
N20000409,N21000091
N20000410,N21000091
N20000411,N21000089
N20000412,N21000091
N20000413,N21000092
N20000414,N21000092
N20000415,N21000092
N20000416,N21000093
N20000417,N21000092
N20000418,N21000087
N20000419,N21000093
N20000420,N21000093
N20000421,N21000094
N20000422,N21000094
N20000423,N21000094
N20000424,N21000094
N20000425,N21000095
N20000426,N21000095
N20000427,N21000095
N20000428,N21000095
N20000429,N21000095
N20000430,N21000096
N20000431,N21000098
N20000432,N21000098
N20000433,N21000096
N20000434,N21000097
N20000435,N21000097
N20000436,N21000099
N20000437,N21000097
N20000438,N21000099
N20000439,N21000098
N20000440,N21000096
N20000441,N21000096
N20000442,N21000098
N20000443,N21000099
N20000444,N21000099
N20000445,N21000098
N20000446,N21000102
N20000447,N21000099
N20000448,N21000100
N20000449,N21000100
N20000450,N21000101
N20000451,N21000102
N20000452,N21000100
N20000453,N21000100
N20000454,N21000100
N20000455,N21000099
N20000456,N21000101
N20000457,N21000102
N20000458,N21000104
N20000459,N21000101
N20000460,N21000101
N20000461,N21000102
N20000462,N21000105
N20000463,N21000103
N20000464,N21000105
N20000465,N21000104
N20000466,N21000103
N20000467,N21000104
N20000468,N21000103
N20000469,N21000106
N20000470,N21000105
N20000471,N21000105
N20000472,N21000105
N20000473,N21000104
N20000474,N21000106
N20000475,N21000106
N20000476,N21000107
N20000477,N21000108
N20000478,N21000107
N20000479,N21000107
N20000480,N21000107
N20000481,N21000108
N20000482,N21000107
N20000483,N21000109
N20000484,N21000109
N20000485,N21000110
N20000486,N21000110
N20000487,N21000109
N20000488,N21000108
N20000489,N21000110
N20000490,N21000111
N20000491,N21000111
N20000492,N21000111
N20000493,N21000109
N20000494,N21000111
N20000495,N21000110
N20000496,N21000112
N20000497,N21000112
N20000498,N21000111
N20000499,N21000110
N20000500,N21000112
N20000501,N21000114
N20000502,N21000114
N20000503,N21000113
N20000504,N21000112
N20000505,N21000113
N20000506,N21000113
N20000507,N21000114
N20000508,N21000112
N20000509,N21000113
N20000510,N21000115
N20000511,N21000112
N20000512,N21000116
N20000513,N21000114
N20000514,N21000119
N20000515,N21000116
N20000516,N21000117
N20000517,N21000115
N20000518,N21000115
N20000519,N21000116
N20000520,N21000115
N20000521,N21000108
N20000522,N21000118
N20000523,N21000119
N20000524,N21000117
N20000525,N21000117
N20000526,N21000116
N20000527,N21000120
N20000528,N21000121
N20000529,N21000119
N20000530,N21000118
N20000531,N21000119
N20000532,N21000121
N20000533,N21000119
N20000534,N21000120
N20000535,N21000118
N20000536,N21000121
N20000537,N21000122
N20000538,N21000118
N20000539,N21000120
N20000540,N21000120
N20000541,N21000121
N20000542,N21000122
N20000543,N21000121
N20000544,N21000123
N20000545,N21000122
N20000546,N21000123
N20000547,N21000122
N20000548,N21000123
N20000549,N21000122
N20000550,N21000123
N20000551,N21000126
N20000552,N21000124
N20000553,N21000130
N20000554,N21000124
N20000555,N21000124
N20000556,N21000124
N20000557,N21000125
N20000558,N21000125
N20000559,N21000126
N20000560,N21000132
N20000561,N21000125
N20000562,N21000126
N20000563,N21000133
N20000564,N21000128
N20000565,N21000127
N20000566,N21000129
N20000567,N21000128
N20000568,N21000127
N20000569,N21000130
N20000570,N21000129
N20000571,N21000127
N20000572,N21000128
N20000573,N21000129
N20000574,N21000129
N20000575,N21000129
N20000576,N21000131
N20000577,N21000131
N20000578,N21000131
N20000579,N21000132
N20000580,N21000130
N20000581,N21000130
N20000582,N21000133
N20000583,N21000133
N20000584,N21000134
N20000585,N21000132
N20000586,N21000132
N20000587,N21000134
N20000588,N21000133
N20000589,N21000135
N20000590,N21000135
N20000591,N21000135
N20000592,N21000135
N20000593,N21000135
N20000594,N21000136
N20000595,N21000136
N20000596,N21000136
N20000597,N21000136
N20000598,N21000137
N20000599,N21000136
N20000600,N21000137
N20000601,N21000137
N20000602,N21000137
N20000603,N21000139
N20000604,N21000138
N20000605,N21000141
N20000606,N21000141
N20000607,N21000139
N20000608,N21000138
N20000609,N21000138
N20000610,N21000138
N20000611,N21000139
N20000612,N21000140
N20000613,N21000140
N20000614,N21000146
N20000615,N21000139
N20000616,N21000139
N20000617,N21000140
N20000618,N21000140
N20000619,N21000139
N20000620,N21000140
N20000621,N21000143
N20000622,N21000139
N20000623,N21000144
N20000624,N21000142
N20000625,N21000143
N20000626,N21000144
N20000627,N21000143
N20000628,N21000144
N20000629,N21000141
N20000630,N21000142
N20000631,N21000140
N20000632,N21000142
N20000633,N21000144
N20000634,N21000142
N20000635,N21000144
N20000636,N21000143
N20000637,N21000145
N20000638,N21000145
N20000639,N21000143
N20000640,N21000145
N20000641,N21000145
N20000642,N21000141
N20000643,N21000145
N20000644,N21000141
N20000645,N21000146
N20000646,N21000147
N20000647,N21000147
N20000648,N21000146
N20000649,N21000147
N20000650,N21000148
N20000651,N21000148
N20000652,N21000147
N20000653,N21000146
N20000654,N21000147
N20000655,N21000148
N20000656,N21000148
N20000657,N21000146
N20000658,N21000148
N20000659,N21000149
N20000660,N21000149
N20000661,N21000149
N20000662,N21000149
N20000663,N21000149
N20000664,N21000154
N20000665,N21000154
N20000666,N21000151
N20000667,N21000150
N20000668,N21000151
N20000669,N21000151
N20000670,N21000150
N20000671,N21000151
N20000672,N21000153
N20000673,N21000151
N20000674,N21000154
N20000675,N21000150
N20000676,N21000153
N20000677,N21000151
N20000678,N21000152
N20000679,N21000152
N20000680,N21000152
N20000681,N21000154
N20000682,N21000155
N20000683,N21000155
N20000684,N21000155
N20000685,N21000153
N20000686,N21000155
N20000687,N21000156
N20000688,N21000154
N20000689,N21000156
N20000690,N21000156
N20000691,N21000156
N20000692,N21000157
N20000693,N21000159
N20000694,N21000157
N20000695,N21000159
N20000696,N21000158
N20000697,N21000158
N20000698,N21000158
N20000699,N21000159
N20000700,N21000158
N20000701,N21000160
N20000702,N21000159
N20000703,N21000159
N20000704,N21000157
N20000705,N21000160
N20000706,N21000160
N20000707,N21000160
N20000708,N21000157
N20000709,N21000159
N20000710,N21000160
N20000711,N21000161
N20000712,N21000161
N20000713,N21000161
N20000714,N21000162
N20000715,N21000164
N20000716,N21000163
N20000717,N21000162
N20000718,N21000162
N20000719,N21000161
N20000720,N21000162
N20000721,N21000161
N20000722,N21000163
N20000723,N21000163
N20000724,N21000164
N20000725,N21000164
N20000726,N21000165
N20000727,N21000163
N20000728,N21000166
N20000729,N21000165
N20000730,N21000166
N20000731,N21000164
N20000732,N21000165
N20000733,N21000165
N20000734,N21000167
N20000735,N21000167
N20000736,N21000166
N20000737,N21000170
N20000738,N21000167
N20000739,N21000165
N20000740,N21000168
N20000741,N21000167
N20000742,N21000170
N20000743,N21000169
N20000744,N21000169
N20000745,N21000167
N20000746,N21000172
N20000747,N21000171
N20000748,N21000168
N20000749,N21000172
N20000750,N21000171
N20000751,N21000168
N20000752,N21000169
N20000753,N21000170
N20000754,N21000175
N20000755,N21000172
N20000756,N21000170
N20000757,N21000171
N20000758,N21000174
N20000759,N21000175
N20000760,N21000173
N20000761,N21000171
N20000762,N21000173
N20000763,N21000171
N20000764,N21000175
N20000765,N21000174
N20000766,N21000175
N20000767,N21000172
N20000768,N21000173
N20000769,N21000175
N20000770,N21000174
N20000771,N21000176
N20000772,N21000178
N20000773,N21000177
N20000774,N21000178
N20000775,N21000175
N20000776,N21000174
N20000777,N21000176
N20000778,N21000176
N20000779,N21000177
N20000780,N21000176
N20000781,N21000177
N20000782,N21000176
N20000783,N21000178
N20000784,N21000177
N20000785,N21000178
N20000786,N21000178
N20000787,N21000179
N20000788,N21000179
N20000789,N21000179
N20000790,N21000180
N20000791,N21000180
N20000792,N21000180
N20000793,N21000180
N20000794,N21000181
N20000795,N21000181
N20000796,N21000182
N20000797,N21000181
N20000798,N21000183
N20000799,N21000182
N20000800,N21000183
N20000801,N21000183
N20000802,N21000184
N20000803,N21000184
N20000804,N21000186
N20000805,N21000185
N20000806,N21000185
N20000807,N21000187
N20000808,N21000182
N20000809,N21000185
N20000810,N21000186
N20000811,N21000186
N20000812,N21000184
N20000813,N21000186
N20000814,N21000187
N20000815,N21000187
N20000816,N21000187
N20000817,N21000186
N20000818,N21000189
N20000819,N21000185
N20000820,N21000185
N20000821,N21000188
N20000822,N21000189
N20000823,N21000188
N20000824,N21000189
N20000825,N21000192
N20000826,N21000190
N20000827,N21000187
N20000828,N21000188
N20000829,N21000188
N20000830,N21000189
N20000831,N21000190
N20000832,N21000190
N20000833,N21000193
N20000834,N21000189
N20000835,N21000191
N20000836,N21000193
N20000837,N21000191
N20000838,N21000193
N20000839,N21000193
N20000840,N21000193
N20000841,N21000194
N20000842,N21000195
N20000843,N21000194
N20000844,N21000195
N20000845,N21000194
N20000846,N21000196
N20000847,N21000195
N20000848,N21000196
N20000849,N21000196
N20000850,N21000195
N20000851,N21000196
N20000852,N21000196
N20000853,N21000195
N20000854,N21000192
N20000855,N21000192
N20000856,N21000197
N20000857,N21000198
N20000858,N21000197
N20000859,N21000197
N20000860,N21000199
N20000861,N21000199
N20000862,N21000199
N20000863,N21000199
N20000864,N21000199
N20000865,N21000200
N20000866,N21000200
N20000867,N21000201
N20000868,N21000200
N20000869,N21000200
N20000870,N21000202
N20000871,N21000201
N20000872,N21000200
N20000873,N21000202
N20000874,N21000202
N20000875,N21000201
N20000876,N21000203
N20000877,N21000202
N20000878,N21000205
N20000879,N21000201
N20000880,N21000202
N20000881,N21000203
N20000882,N21000198
N20000883,N21000203
N20000884,N21000198
N20000885,N21000198
N20000886,N21000204
N20000887,N21000204
N20000888,N21000205
N20000889,N21000206
N20000890,N21000206
N20000891,N21000205
N20000892,N21000208
N20000893,N21000207
N20000894,N21000204
N20000895,N21000206
N20000896,N21000204
N20000897,N21000206
N20000898,N21000210
N20000899,N21000205
N20000900,N21000208
N20000901,N21000207
N20000902,N21000211
N20000903,N21000208
N20000904,N21000209
N20000905,N21000207
N20000906,N21000205
N20000907,N21000210
N20000908,N21000212
N20000909,N21000211
N20000910,N21000207
N20000911,N21000208
N20000912,N21000209
N20000913,N21000212
N20000914,N21000213
N20000915,N21000213
N20000916,N21000210
N20000917,N21000210
N20000918,N21000209
N20000919,N21000213
N20000920,N21000210
N20000921,N21000213
N20000922,N21000212
N20000923,N21000211
N20000924,N21000209
N20000925,N21000214
N20000926,N21000216
N20000927,N21000215
N20000928,N21000212
N20000929,N21000211
N20000930,N21000214
N20000931,N21000213
N20000932,N21000215
N20000933,N21000214
N20000934,N21000217
N20000935,N21000216
N20000936,N21000215
N20000937,N21000216
N20000938,N21000214
N20000939,N21000217
N20000940,N21000218
N20000941,N21000218
N20000942,N21000217
N20000943,N21000218
N20000944,N21000217
N20000945,N21000220
N20000946,N21000219
N20000947,N21000219
N20000948,N21000220
N20000949,N21000219
N20000950,N21000220
N20000951,N21000219
N20000952,N21000221
N20000953,N21000221
N20000954,N21000219
N20000955,N21000221
N20000956,N21000220
N20000957,N21000222
N20000958,N21000222
N20000959,N21000224
N20000960,N21000221
N20000961,N21000222
N20000962,N21000222
N20000963,N21000224
N20000964,N21000223
N20000965,N21000221
N20000966,N21000223
N20000967,N21000224
N20000968,N21000223
N20000969,N21000223
N20000970,N21000225
N20000971,N21000224
N20000972,N21000226
N20000973,N21000226
N20000974,N21000225
N20000975,N21000225
N20000976,N21000226
N20000977,N21000227
N20000978,N21000227
N20000979,N21000230
N20000980,N21000229
N20000981,N21000227
N20000982,N21000224
N20000983,N21000225
N20000984,N21000226
N20000985,N21000226
N20000986,N21000227
N20000987,N21000228
N20000988,N21000230
N20000989,N21000229
N20000990,N21000228
N20000991,N21000227
N20000992,N21000231
N20000993,N21000228
N20000994,N21000228
N20000995,N21000233
N20000996,N21000229
N20000997,N21000230
N20000998,N21000231
N20000999,N21000229
N20001000,N21000232
N20001001,N21000230
N20001002,N21000231
N20001003,N21000232
N20001004,N21000229
N20001005,N21000233
N20001006,N21000231
N20001007,N21000234
N20001008,N21000231
N20001009,N21000232
N20001010,N21000233
N20001011,N21000234
N20001012,N21000235
N20001013,N21000234
N20001014,N21000235
N20001015,N21000235
N20001016,N21000235
N20001017,N21000237
N20001018,N21000236
N20001019,N21000236
N20001020,N21000237
N20001021,N21000239
N20001022,N21000237
N20001023,N21000236
N20001024,N21000238
N20001025,N21000237
N20001026,N21000239
N20001027,N21000238
N20001028,N21000236
N20001029,N21000239
N20001030,N21000238
N20001031,N21000237
N20001032,N21000239
N20001033,N21000240
N20001034,N21000237
N20001035,N21000241
N20001036,N21000241
N20001037,N21000241
N20001038,N21000240
N20001039,N21000242
N20001040,N21000247
N20001041,N21000243
N20001042,N21000241
N20001043,N21000244
N20001044,N21000243
N20001045,N21000242
N20001046,N21000240
N20001047,N21000242
N20001048,N21000244
N20001049,N21000247
N20001050,N21000247
N20001051,N21000244
N20001052,N21000247
N20001053,N21000246
N20001054,N21000244
N20001055,N21000243
N20001056,N21000248
N20001057,N21000245
N20001058,N21000246
N20001059,N21000245
N20001060,N21000244
N20001061,N21000245
N20001062,N21000245
N20001063,N21000248
N20001064,N21000245
N20001065,N21000246
N20001066,N21000249
N20001067,N21000247
N20001068,N21000248
N20001069,N21000248
N20001070,N21000249
N20001071,N21000250
N20001072,N21000249
N20001073,N21000250
N20001074,N21000247
N20001075,N21000248
N20001076,N21000250
N20001077,N21000250
N20001078,N21000250
N20001079,N21000251
N20001080,N21000251
N20001081,N21000252
N20001082,N21000252
N20001083,N21000252
N20001084,N21000251
N20001085,N21000251
N20001086,N21000252
N20001087,N21000253
N20001088,N21000253
N20001089,N21000251
N20001090,N21000253
N20001091,N21000254
N20001092,N21000255
N20001093,N21000256
N20001094,N21000254
N20001095,N21000256
N20001096,N21000255
N20001097,N21000253
N20001098,N21000255
N20001099,N21000258
N20001100,N21000256
N20001101,N21000254
N20001102,N21000256
N20001103,N21000258
N20001104,N21000257
N20001105,N21000258
N20001106,N21000255
N20001107,N21000258
N20001108,N21000256
N20001109,N21000254
N20001110,N21000258
N20001111,N21000257
N20001112,N21000258
N20001113,N21000259
N20001114,N21000259
N20001115,N21000260
N20001116,N21000257
N20001117,N21000257
N20001118,N21000262
N20001119,N21000259
N20001120,N21000259
N20001121,N21000263
N20001122,N21000261
N20001123,N21000258
N20001124,N21000261
N20001125,N21000260
N20001126,N21000260
N20001127,N21000262
N20001128,N21000268
N20001129,N21000260
N20001130,N21000262
N20001131,N21000262
N20001132,N21000261
N20001133,N21000261
N20001134,N21000262
N20001135,N21000265
N20001136,N21000264
N20001137,N21000265
N20001138,N21000267
N20001139,N21000265
N20001140,N21000266
N20001141,N21000267
N20001142,N21000264
N20001143,N21000265
N20001144,N21000266
N20001145,N21000263
N20001146,N21000267
N20001147,N21000267
N20001148,N21000265
N20001149,N21000268
N20001150,N21000269
N20001151,N21000264
N20001152,N21000266
N20001153,N21000264
N20001154,N21000269
N20001155,N21000269
N20001156,N21000266
N20001157,N21000264
N20001158,N21000263
N20001159,N21000269
N20001160,N21000269
N20001161,N21000268
N20001162,N21000270
N20001163,N21000267
N20001164,N21000269
N20001165,N21000263
N20001166,N21000263
N20001167,N21000270
N20001168,N21000271
N20001169,N21000270
N20001170,N21000271
N20001171,N21000270
N20001172,N21000271
N20001173,N21000271
N20001174,N21000271
N20001175,N21000272
N20001176,N21000272
N20001177,N21000272
N20001178,N21000272
N20001179,N21000273
N20001180,N21000273
N20001181,N21000273
N20001182,N21000273
N20001183,N21000273
N20001184,N21000274
N20001185,N21000273
N20001186,N21000274
N20001187,N21000278
N20001188,N21000278
N20001189,N21000277
N20001190,N21000276
N20001191,N21000275
N20001192,N21000276
N20001193,N21000277
N20001194,N21000275
N20001195,N21000276
N20001196,N21000277
N20001197,N21000276
N20001198,N21000277
N20001199,N21000277
N20001200,N21000278
N20001201,N21000275
N20001202,N21000280
N20001203,N21000279
N20001204,N21000280
N20001205,N21000279
N20001206,N21000279
N20001207,N21000275
N20001208,N21000281
N20001209,N21000280
N20001210,N21000279
N20001211,N21000281
N20001212,N21000280
N20001213,N21000279
N20001214,N21000281
N20001215,N21000284
N20001216,N21000281
N20001217,N21000278
N20001218,N21000283
N20001219,N21000281
N20001220,N21000284
N20001221,N21000284
N20001222,N21000282
N20001223,N21000282
N20001224,N21000278
N20001225,N21000282
N20001226,N21000283
N20001227,N21000282
N20001228,N21000285
N20001229,N21000285
N20001230,N21000283
N20001231,N21000283
N20001232,N21000285
N20001233,N21000284
N20001234,N21000285
N20001235,N21000286
N20001236,N21000286
N20001237,N21000289
N20001238,N21000286
N20001239,N21000287
N20001240,N21000288
N20001241,N21000290
N20001242,N21000288
N20001243,N21000290
N20001244,N21000289
N20001245,N21000286
N20001246,N21000291
N20001247,N21000289
N20001248,N21000290
N20001249,N21000288
N20001250,N21000291
N20001251,N21000289
N20001252,N21000290
N20001253,N21000294
N20001254,N21000291
N20001255,N21000287
N20001256,N21000292
N20001257,N21000292
N20001258,N21000293
N20001259,N21000295
N20001260,N21000294
N20001261,N21000287
N20001262,N21000292
N20001263,N21000292
N20001264,N21000293
N20001265,N21000293
N20001266,N21000292
N20001267,N21000296
N20001268,N21000287
N20001269,N21000295
N20001270,N21000295
N20001271,N21000293
N20001272,N21000297
N20001273,N21000296
N20001274,N21000298
N20001275,N21000294
N20001276,N21000295
N20001277,N21000297
N20001278,N21000296
N20001279,N21000296
N20001280,N21000294
N20001281,N21000300
N20001282,N21000299
N20001283,N21000298
N20001284,N21000297
N20001285,N21000298
N20001286,N21000298
N20001287,N21000299
N20001288,N21000298
N20001289,N21000300
N20001290,N21000299
N20001291,N21000297
N20001292,N21000300
N20001293,N21000298
N20001294,N21000300
N20001295,N21000299
N20001296,N21000300
N20001297,N21000301
N20001298,N21000301
N20001299,N21000301
N20001300,N21000302
N20001301,N21000301
N20001302,N21000301
N20001303,N21000302
N20001304,N21000302
N20001305,N21000302
N20001306,N21000301
N20001307,N21000303
N20001308,N21000304
N20001309,N21000304
N20001310,N21000305
N20001311,N21000303
N20001312,N21000303
N20001313,N21000305
N20001314,N21000305
N20001315,N21000303
N20001316,N21000305
N20001317,N21000306
N20001318,N21000309
N20001319,N21000309
N20001320,N21000306
N20001321,N21000309
N20001322,N21000309
N20001323,N21000308
N20001324,N21000309
N20001325,N21000306
N20001326,N21000306
N20001327,N21000307
N20001328,N21000308
N20001329,N21000307
N20001330,N21000307
N20001331,N21000307
N20001332,N21000310
N20001333,N21000307
N20001334,N21000307
N20001335,N21000310
N20001336,N21000309
N20001337,N21000308
N20001338,N21000310
N20001339,N21000310
N20001340,N21000308
N20001341,N21000304
N20001342,N21000311
N20001343,N21000312
N20001344,N21000312
N20001345,N21000311
N20001346,N21000313
N20001347,N21000308
N20001348,N21000312
N20001349,N21000312
N20001350,N21000315
N20001351,N21000304
N20001352,N21000311
N20001353,N21000312
N20001354,N21000311
N20001355,N21000312
N20001356,N21000314
N20001357,N21000311
N20001358,N21000313
N20001359,N21000313
N20001360,N21000313
N20001361,N21000315
N20001362,N21000314
N20001363,N21000314
N20001364,N21000315
N20001365,N21000313
N20001366,N21000315
N20001367,N21000315
N20001368,N21000315
N20001369,N21000318
N20001370,N21000316
N20001371,N21000316
N20001372,N21000318
N20001373,N21000316
N20001374,N21000317
N20001375,N21000317
N20001376,N21000318
N20001377,N21000317
N20001378,N21000318
N20001379,N21000324
N20001380,N21000320
N20001381,N21000319
N20001382,N21000317
N20001383,N21000319
N20001384,N21000321
N20001385,N21000319
N20001386,N21000320
N20001387,N21000322
N20001388,N21000320
N20001389,N21000322
N20001390,N21000323
N20001391,N21000320
N20001392,N21000320
N20001393,N21000323
N20001394,N21000321
N20001395,N21000322
N20001396,N21000325
N20001397,N21000323
N20001398,N21000325
N20001399,N21000323
N20001400,N21000321
N20001401,N21000324
N20001402,N21000326
N20001403,N21000326
N20001404,N21000324
N20001405,N21000326
N20001406,N21000325
N20001407,N21000327
N20001408,N21000328
N20001409,N21000325
N20001410,N21000331
N20001411,N21000328
N20001412,N21000325
N20001413,N21000327
N20001414,N21000329
N20001415,N21000328
N20001416,N21000330
N20001417,N21000330
N20001418,N21000329
N20001419,N21000327
N20001420,N21000327
N20001421,N21000331
N20001422,N21000324
N20001423,N21000329
N20001424,N21000330
N20001425,N21000333
N20001426,N21000328
N20001427,N21000333
N20001428,N21000332
N20001429,N21000334
N20001430,N21000329
N20001431,N21000331
N20001432,N21000331
N20001433,N21000334
N20001434,N21000333
N20001435,N21000335
N20001436,N21000332
N20001437,N21000331
N20001438,N21000334
N20001439,N21000335
N20001440,N21000331
N20001441,N21000335
N20001442,N21000332
N20001443,N21000335
N20001444,N21000334
N20001445,N21000335
N20001446,N21000337
N20001447,N21000336
N20001448,N21000336
N20001449,N21000336
N20001450,N21000336
N20001451,N21000336
N20001452,N21000336
N20001453,N21000336
N20001454,N21000338
N20001455,N21000338
N20001456,N21000338
N20001457,N21000337
N20001458,N21000339
N20001459,N21000337
N20001460,N21000339
N20001461,N21000339
N20001462,N21000339
N20001463,N21000339
N20001464,N21000340
N20001465,N21000339
N20001466,N21000342
N20001467,N21000340
N20001468,N21000340
N20001469,N21000341
N20001470,N21000341
N20001471,N21000341
N20001472,N21000340
N20001473,N21000341
N20001474,N21000341
N20001475,N21000341
N20001476,N21000341
N20001477,N21000340
N20001478,N21000342
N20001479,N21000340
N20001480,N21000342
N20001481,N21000343
N20001482,N21000343
N20001483,N21000343
N20001484,N21000343
N20001485,N21000348
N20001486,N21000344
N20001487,N21000345
N20001488,N21000344
N20001489,N21000345
N20001490,N21000344
N20001491,N21000346
N20001492,N21000346
N20001493,N21000344
N20001494,N21000345
N20001495,N21000347
N20001496,N21000347
N20001497,N21000346
N20001498,N21000347
N20001499,N21000345
N20001500,N21000347
N20001501,N21000346
N20001502,N21000345
N20001503,N21000346
N20001504,N21000347
N20001505,N21000349
N20001506,N21000346
N20001507,N21000347
N20001508,N21000349
N20001509,N21000347
N20001510,N21000349
N20001511,N21000348
N20001512,N21000348
N20001513,N21000348
N20001514,N21000350
N20001515,N21000350
N20001516,N21000351
N20001517,N21000351
N20001518,N21000351
N20001519,N21000351
N20001520,N21000351
N20001521,N21000352
N20001522,N21000352
N20001523,N21000352
N20001524,N21000352
N20001525,N21000352
N20001526,N21000353
N20001527,N21000353
N20001528,N21000353
N20001529,N21000353
N20001530,N21000354
N20001531,N21000353
N20001532,N21000353
N20001533,N21000354
N20001534,N21000353
N20001535,N21000355
N20001536,N21000355
N20001537,N21000355
N20001538,N21000356
N20001539,N21000354
N20001540,N21000357
N20001541,N21000357
N20001542,N21000356
N20001543,N21000357
N20001544,N21000356
N20001545,N21000356
N20001546,N21000356
N20001547,N21000358
N20001548,N21000359
N20001549,N21000359
N20001550,N21000358
N20001551,N21000358
N20001552,N21000360
N20001553,N21000358
N20001554,N21000358
N20001555,N21000359
N20001556,N21000360
N20001557,N21000360
N20001558,N21000359
N20001559,N21000360
N20001560,N21000359
N20001561,N21000362
N20001562,N21000361
N20001563,N21000360
N20001564,N21000362
N20001565,N21000362
N20001566,N21000360
N20001567,N21000361
N20001568,N21000363
N20001569,N21000363
N20001570,N21000361
N20001571,N21000364
N20001572,N21000362
N20001573,N21000363
N20001574,N21000364
N20001575,N21000364
N20001576,N21000364
N20001577,N21000365
N20001578,N21000364
N20001579,N21000364
N20001580,N21000363
N20001581,N21000363
N20001582,N21000365
N20001583,N21000366
N20001584,N21000366
N20001585,N21000367
N20001586,N21000365
N20001587,N21000367
N20001588,N21000366
N20001589,N21000366
N20001590,N21000365
N20001591,N21000365
N20001592,N21000366
N20001593,N21000366
N20001594,N21000365
N20001595,N21000367
N20001596,N21000367
N20001597,N21000368
N20001598,N21000368
N20001599,N21000369
N20001600,N21000370
N20001601,N21000370
N20001602,N21000376
N20001603,N21000369
N20001604,N21000369
N20001605,N21000370
N20001606,N21000370
N20001607,N21000371
N20001608,N21000371
N20001609,N21000372
N20001610,N21000371
N20001611,N21000372
N20001612,N21000371
N20001613,N21000372
N20001614,N21000372
N20001615,N21000372
N20001616,N21000373
N20001617,N21000376
N20001618,N21000372
N20001619,N21000368
N20001620,N21000373
N20001621,N21000374
N20001622,N21000374
N20001623,N21000373
N20001624,N21000373
N20001625,N21000373
N20001626,N21000374
N20001627,N21000377
N20001628,N21000375
N20001629,N21000374
N20001630,N21000374
N20001631,N21000375
N20001632,N21000375
N20001633,N21000374
N20001634,N21000377
N20001635,N21000375
N20001636,N21000376
N20001637,N21000375
N20001638,N21000375
N20001639,N21000378
N20001640,N21000377
N20001641,N21000376
N20001642,N21000378
N20001643,N21000376
N20001644,N21000377
N20001645,N21000378
N20001646,N21000378
N20001647,N21000377
N20001648,N21000378
N20001649,N21000378
N20001650,N21000378
N20001651,N21000380
N20001652,N21000381
N20001653,N21000379
N20001654,N21000379
N20001655,N21000379
N20001656,N21000379
N20001657,N21000380
N20001658,N21000381
N20001659,N21000380
N20001660,N21000379
N20001661,N21000380
N20001662,N21000380
N20001663,N21000380
N20001664,N21000380
N20001665,N21000381
N20001666,N21000381
N20001667,N21000383
N20001668,N21000381
N20001669,N21000382
N20001670,N21000382
N20001671,N21000382
N20001672,N21000382
N20001673,N21000383
N20001674,N21000384
N20001675,N21000383
N20001676,N21000384
N20001677,N21000383
N20001678,N21000384
N20001679,N21000385
N20001680,N21000385
N20001681,N21000384
N20001682,N21000385
N20001683,N21000384
N20001684,N21000385
N20001685,N21000386
N20001686,N21000388
N20001687,N21000387
N20001688,N21000387
N20001689,N21000388
N20001690,N21000387
N20001691,N21000388
N20001692,N21000387
N20001693,N21000389
N20001694,N21000389
N20001695,N21000387
N20001696,N21000390
N20001697,N21000390
N20001698,N21000389
N20001699,N21000388
N20001700,N21000389
N20001701,N21000390
N20001702,N21000391
N20001703,N21000389
N20001704,N21000390
N20001705,N21000386
N20001706,N21000390
N20001707,N21000386
N20001708,N21000386
N20001709,N21000391
N20001710,N21000391
N20001711,N21000391
N20001712,N21000393
N20001713,N21000386
N20001714,N21000395
N20001715,N21000392
N20001716,N21000392
N20001717,N21000395
N20001718,N21000393
N20001719,N21000393
N20001720,N21000395
N20001721,N21000394
N20001722,N21000393
N20001723,N21000394
N20001724,N21000393
N20001725,N21000393
N20001726,N21000395
N20001727,N21000395
N20001728,N21000396
N20001729,N21000396
N20001730,N21000396
N20001731,N21000395
N20001732,N21000404
N20001733,N21000404
N20001734,N21000397
N20001735,N21000398
N20001736,N21000397
N20001737,N21000398
N20001738,N21000398
N20001739,N21000397
N20001740,N21000398
N20001741,N21000399
N20001742,N21000397
N20001743,N21000399
N20001744,N21000397
N20001745,N21000399
N20001746,N21000398
N20001747,N21000398
N20001748,N21000398
N20001749,N21000400
N20001750,N21000399
N20001751,N21000402
N20001752,N21000400
N20001753,N21000401
N20001754,N21000403
N20001755,N21000400
N20001756,N21000403
N20001757,N21000400
N20001758,N21000402
N20001759,N21000402
N20001760,N21000400
N20001761,N21000403
N20001762,N21000401
N20001763,N21000400
N20001764,N21000403
N20001765,N21000402
N20001766,N21000402
N20001767,N21000404
N20001768,N21000405
N20001769,N21000405
N20001770,N21000405
N20001771,N21000406
N20001772,N21000406
N20001773,N21000405
N20001774,N21000405
N20001775,N21000408
N20001776,N21000409
N20001777,N21000406
N20001778,N21000409
N20001779,N21000407
N20001780,N21000407
N20001781,N21000406
N20001782,N21000407
N20001783,N21000409
N20001784,N21000408
N20001785,N21000409
N20001786,N21000407
N20001787,N21000408
N20001788,N21000409
N20001789,N21000410
N20001790,N21000408
N20001791,N21000408
N20001792,N21000409
N20001793,N21000408
N20001794,N21000408
N20001795,N21000411
N20001796,N21000411
N20001797,N21000410
N20001798,N21000410
N20001799,N21000411
N20001800,N21000411
N20001801,N21000410
N20001802,N21000410
N20001803,N21000412
N20001804,N21000412
N20001805,N21000412
N20001806,N21000414
N20001807,N21000412
N20001808,N21000415
N20001809,N21000415
N20001810,N21000415
N20001811,N21000413
N20001812,N21000414
N20001813,N21000413
N20001814,N21000415
N20001815,N21000413
N20001816,N21000415
N20001817,N21000413
N20001818,N21000416
N20001819,N21000417
N20001820,N21000420
N20001821,N21000416
N20001822,N21000418
N20001823,N21000416
N20001824,N21000419
N20001825,N21000419
N20001826,N21000415
N20001827,N21000417
N20001828,N21000417
N20001829,N21000416
N20001830,N21000421
N20001831,N21000417
N20001832,N21000418
N20001833,N21000420
N20001834,N21000419
N20001835,N21000418
N20001836,N21000421
N20001837,N21000418
N20001838,N21000421
N20001839,N21000420
N20001840,N21000419
N20001841,N21000418
N20001842,N21000418
N20001843,N21000422
N20001844,N21000421
N20001845,N21000422
N20001846,N21000420
N20001847,N21000422
N20001848,N21000422
N20001849,N21000420
N20001850,N21000423
N20001851,N21000423
N20001852,N21000424
N20001853,N21000424
N20001854,N21000423
N20001855,N21000423
N20001856,N21000424
N20001857,N21000424
N20001858,N21000425
N20001859,N21000425
N20001860,N21000423
N20001861,N21000425
N20001862,N21000426
N20001863,N21000426
N20001864,N21000426
N20001865,N21000426
N20001866,N21000427
N20001867,N21000425
N20001868,N21000427
N20001869,N21000427
N20001870,N21000427
N20001871,N21000426
N20001872,N21000425
N20001873,N21000428
N20001874,N21000427
N20001875,N21000428
N20001876,N21000429
N20001877,N21000433
N20001878,N21000428
N20001879,N21000428
N20001880,N21000429
N20001881,N21000429
N20001882,N21000429
N20001883,N21000433
N20001884,N21000430
N20001885,N21000429
N20001886,N21000431
N20001887,N21000434
N20001888,N21000430
N20001889,N21000433
N20001890,N21000434
N20001891,N21000430
N20001892,N21000434
N20001893,N21000432
N20001894,N21000432
N20001895,N21000431
N20001896,N21000431
N20001897,N21000432
N20001898,N21000432
N20001899,N21000432
N20001900,N21000431
N20001901,N21000434
N20001902,N21000435
N20001903,N21000435
N20001904,N21000433
N20001905,N21000435
N20001906,N21000435
N20001907,N21000435
N20001908,N21000439
N20001909,N21000436
N20001910,N21000436
N20001911,N21000436
N20001912,N21000436
N20001913,N21000436
N20001914,N21000437
N20001915,N21000439
N20001916,N21000437
N20001917,N21000438
N20001918,N21000438
N20001919,N21000438
N20001920,N21000438
N20001921,N21000439
N20001922,N21000439
N20001923,N21000440
N20001924,N21000439
N20001925,N21000442
N20001926,N21000442
N20001927,N21000440
N20001928,N21000441
N20001929,N21000440
N20001930,N21000441
N20001931,N21000441
N20001932,N21000441
N20001933,N21000441
N20001934,N21000441
N20001935,N21000442
N20001936,N21000440
N20001937,N21000440
N20001938,N21000440
N20001939,N21000442
N20001940,N21000442
N20001941,N21000442
N20001942,N21000443
N20001943,N21000443
N20001944,N21000443
N20001945,N21000442
N20001946,N21000444
N20001947,N21000445
N20001948,N21000445
N20001949,N21000444
N20001950,N21000445
N20001951,N21000445
N20001952,N21000446
N20001953,N21000444
N20001954,N21000449
N20001955,N21000445
N20001956,N21000449
N20001957,N21000446
N20001958,N21000446
N20001959,N21000446
N20001960,N21000447
N20001961,N21000446
N20001962,N21000447
N20001963,N21000447
N20001964,N21000447
N20001965,N21000448
N20001966,N21000447
N20001967,N21000447
N20001968,N21000446
N20001969,N21000448
N20001970,N21000448
N20001971,N21000449
N20001972,N21000448
N20001973,N21000450
N20001974,N21000451
N20001975,N21000450
N20001976,N21000451
N20001977,N21000451
N20001978,N21000450
N20001979,N21000450
N20001980,N21000451
N20001981,N21000449
N20001982,N21000450
N20001983,N21000450
N20001984,N21000451
N20001985,N21000451
N20001986,N21000452
N20001987,N21000452
N20001988,N21000453
N20001989,N21000449
N20001990,N21000453
N20001991,N21000453
N20001992,N21000453
N20001993,N21000453
N20001994,N21000454
N20001995,N21000454
N20001996,N21000454
N20001997,N21000454
N20001998,N21000456
N20001999,N21000456
N20002000,N21000455
N20002001,N21000455
N20002002,N21000455
N20002003,N21000456
N20002004,N21000455
N20002005,N21000456
N20002006,N21000456
N20002007,N21000457
N20002008,N21000457
N20002009,N21000458
N20002010,N21000458
N20002011,N21000458
N20002012,N21000459
N20002013,N21000457
N20002014,N21000459
N20002015,N21000461
N20002016,N21000459
N20002017,N21000460
N20002018,N21000459
N20002019,N21000461
N20002020,N21000459
N20002021,N21000459
N20002022,N21000459
N20002023,N21000461
N20002024,N21000460
N20002025,N21000460
N20002026,N21000461
N20002027,N21000461
N20002028,N21000461
N20002029,N21000462
N20002030,N21000462
N20002031,N21000463
N20002032,N21000462
N20002033,N21000462
N20002034,N21000464
N20002035,N21000464
N20002036,N21000464
N20002037,N21000463
N20002038,N21000463
N20002039,N21000462
N20002040,N21000465
N20002041,N21000464
N20002042,N21000465
N20002043,N21000465
N20002044,N21000466
N20002045,N21000465
N20002046,N21000465
N20002047,N21000465
N20002048,N21000466
N20002049,N21000463
N20002050,N21000466
N20002051,N21000467
N20002052,N21000466
N20002053,N21000466
N20002054,N21000467
N20002055,N21000467
N20002056,N21000467
N20002057,N21000468
N20002058,N21000468
N20002059,N21000468
N20002060,N21000469
N20002061,N21000470
N20002062,N21000471
N20002063,N21000468
N20002064,N21000471
N20002065,N21000470
N20002066,N21000469
N20002067,N21000471
N20002068,N21000470
N20002069,N21000472
N20002070,N21000472
N20002071,N21000470
N20002072,N21000471
N20002073,N21000471
N20002074,N21000473
N20002075,N21000472
N20002076,N21000473
N20002077,N21000472
N20002078,N21000473
N20002079,N21000473
N20002080,N21000473
N20002081,N21000474
N20002082,N21000474
N20002083,N21000474
N20002084,N21000474
N20002085,N21000477
N20002086,N21000475
N20002087,N21000477
N20002088,N21000479
N20002089,N21000475
N20002090,N21000476
N20002091,N21000475
N20002092,N21000476
N20002093,N21000476
N20002094,N21000477
N20002095,N21000475
N20002096,N21000478
N20002097,N21000476
N20002098,N21000475
N20002099,N21000479
N20002100,N21000480
N20002101,N21000478
N20002102,N21000479
N20002103,N21000478
N20002104,N21000479
N20002105,N21000478
N20002106,N21000477
N20002107,N21000478
N20002108,N21000477
N20002109,N21000480
N20002110,N21000481
N20002111,N21000481
N20002112,N21000481
N20002113,N21000479
N20002114,N21000481
N20002115,N21000481
N20002116,N21000481
N20002117,N21000480
N20002118,N21000480
N20002119,N21000480
N20002120,N21000480
N20002121,N21000483
N20002122,N21000482
N20002123,N21000484
N20002124,N21000482
N20002125,N21000483
N20002126,N21000482
N20002127,N21000482
N20002128,N21000483
N20002129,N21000484
N20002130,N21000484
N20002131,N21000483
N20002132,N21000485
N20002133,N21000485
N20002134,N21000485
N20002135,N21000485
N20002136,N21000485
N20002137,N21000483
N20002138,N21000485
N20002139,N21000487
N20002140,N21000486
N20002141,N21000486
N20002142,N21000487
N20002143,N21000486
N20002144,N21000487
N20002145,N21000488
N20002146,N21000488
N20002147,N21000487
N20002148,N21000488
N20002149,N21000488
N20002150,N21000489
N20002151,N21000489
N20002152,N21000490
N20002153,N21000489
N20002154,N21000490
N20002155,N21000490
N20002156,N21000489
N20002157,N21000491
N20002158,N21000489
N20002159,N21000491
N20002160,N21000493
N20002161,N21000491
N20002162,N21000493
N20002163,N21000493
N20002164,N21000494
N20002165,N21000491
N20002166,N21000495
N20002167,N21000495
N20002168,N21000494
N20002169,N21000495
N20002170,N21000492
N20002171,N21000492
N20002172,N21000492
N20002173,N21000494
N20002174,N21000495
N20002175,N21000493
N20002176,N21000494
N20002177,N21000491
N20002178,N21000495
N20002179,N21000495
N20002180,N21000493
N20002181,N21000498
N20002182,N21000496
N20002183,N21000497
N20002184,N21000497
N20002185,N21000496
N20002186,N21000496
N20002187,N21000496
N20002188,N21000498
N20002189,N21000496
N20002190,N21000496
N20002191,N21000496
N20002192,N21000499
N20002193,N21000498
N20002194,N21000498
N20002195,N21000499
N20002196,N21000500
N20002197,N21000500
N20002198,N21000499
N20002199,N21000499
N20002200,N21000500
N20002201,N21000502
N20002202,N21000498
N20002203,N21000501
N20002204,N21000501
N20002205,N21000503
N20002206,N21000500
N20002207,N21000500
N20002208,N21000503
N20002209,N21000502
N20002210,N21000501
N20002211,N21000502
N20002212,N21000503
N20002213,N21000503
N20002214,N21000498
N20002215,N21000501
N20002216,N21000503
N20002217,N21000502
N20002218,N21000502
N20002219,N21000503
N20002220,N21000502
N20002221,N21000504
N20002222,N21000505
N20002223,N21000504
N20002224,N21000504
N20002225,N21000505
N20002226,N21000505
N20002227,N21000505
N20002228,N21000504
N20002229,N21000505
N20002230,N21000505
N20002231,N21000504
N20002232,N21000507
N20002233,N21000506
N20002234,N21000507
N20002235,N21000507
N20002236,N21000506
N20002237,N21000508
N20002238,N21000506
N20002239,N21000507
N20002240,N21000508
N20002241,N21000508
N20002242,N21000507
N20002243,N21000508
N20002244,N21000510
N20002245,N21000509
N20002246,N21000509
N20002247,N21000510
N20002248,N21000508
N20002249,N21000509
N20002250,N21000510
N20002251,N21000510
N20002252,N21000511
N20002253,N21000511
N20002254,N21000511
N20002255,N21000511
N20002256,N21000511
N20002257,N21000511
N20002258,N21000512
N20002259,N21000512
N20002260,N21000512
N20002261,N21000512
N20002262,N21000513
N20002263,N21000514
N20002264,N21000513
N20002265,N21000514
N20002266,N21000513
N20002267,N21000514
N20002268,N21000517
N20002269,N21000515
N20002270,N21000514
N20002271,N21000514
N20002272,N21000514
N20002273,N21000513
N20002274,N21000515
N20002275,N21000513
N20002276,N21000517
N20002277,N21000512
N20002278,N21000516
N20002279,N21000516
N20002280,N21000516
N20002281,N21000515
N20002282,N21000516
N20002283,N21000516
N20002284,N21000517
N20002285,N21000517
N20002286,N21000517
N20002287,N21000519
N20002288,N21000518
N20002289,N21000519
N20002290,N21000518
N20002291,N21000518
N20002292,N21000518
N20002293,N21000520
N20002294,N21000520
N20002295,N21000520
N20002296,N21000519
N20002297,N21000519
N20002298,N21000520
N20002299,N21000520
N20002300,N21000523
N20002301,N21000524
N20002302,N21000524
N20002303,N21000523
N20002304,N21000523
N20002305,N21000521
N20002306,N21000521
N20002307,N21000521
N20002308,N21000522
N20002309,N21000522
N20002310,N21000521
N20002311,N21000524
N20002312,N21000522
N20002313,N21000522
N20002314,N21000522
N20002315,N21000522
N20002316,N21000522
N20002317,N21000520
N20002318,N21000524
N20002319,N21000523
N20002320,N21000525
N20002321,N21000525
N20002322,N21000525
N20002323,N21000525
N20002324,N21000524
N20002325,N21000525
N20002326,N21000526
N20002327,N21000526
N20002328,N21000526
N20002329,N21000527
N20002330,N21000528
N20002331,N21000528
N20002332,N21000527
N20002333,N21000528
N20002334,N21000527
N20002335,N21000527
N20002336,N21000530
N20002337,N21000528
N20002338,N21000528
N20002339,N21000528
N20002340,N21000529
N20002341,N21000529
N20002342,N21000532
N20002343,N21000528
N20002344,N21000530
N20002345,N21000529
N20002346,N21000531
N20002347,N21000529
N20002348,N21000529
N20002349,N21000530
N20002350,N21000531
N20002351,N21000532
N20002352,N21000531
N20002353,N21000530
N20002354,N21000533
N20002355,N21000533
N20002356,N21000534
N20002357,N21000533
N20002358,N21000530
N20002359,N21000533
N20002360,N21000530
N20002361,N21000532
N20002362,N21000533
N20002363,N21000533
N20002364,N21000532
N20002365,N21000535
N20002366,N21000534
N20002367,N21000532
N20002368,N21000535
N20002369,N21000532
N20002370,N21000535
N20002371,N21000535
N20002372,N21000534
N20002373,N21000534
N20002374,N21000535
N20002375,N21000535
N20002376,N21000536
N20002377,N21000537
N20002378,N21000539
N20002379,N21000536
N20002380,N21000538
N20002381,N21000537
N20002382,N21000538
N20002383,N21000536
N20002384,N21000537
N20002385,N21000539
N20002386,N21000538
N20002387,N21000538
N20002388,N21000538
N20002389,N21000539
N20002390,N21000540
N20002391,N21000540
N20002392,N21000540
N20002393,N21000541
N20002394,N21000541
N20002395,N21000540
N20002396,N21000541
N20002397,N21000541
N20002398,N21000541
N20002399,N21000542
N20002400,N21000541
N20002401,N21000543
N20002402,N21000541
N20002403,N21000539
N20002404,N21000542
N20002405,N21000543
N20002406,N21000543
N20002407,N21000544
N20002408,N21000542
N20002409,N21000544
N20002410,N21000543
N20002411,N21000544
N20002412,N21000542
N20002413,N21000543
N20002414,N21000544
N20002415,N21000544
N20002416,N21000542
N20002417,N21000542
N20002418,N21000545
N20002419,N21000545
N20002420,N21000545
N20002421,N21000545
N20002422,N21000545
N20002423,N21000545
N20002424,N21000546
N20002425,N21000546
N20002426,N21000546
N20002427,N21000546
N20002428,N21000547
N20002429,N21000547
N20002430,N21000546
N20002431,N21000547
N20002432,N21000547
N20002433,N21000546
N20002434,N21000546
N20002435,N21000548
N20002436,N21000548
N20002437,N21000548
N20002438,N21000549
N20002439,N21000549
N20002440,N21000550
N20002441,N21000550
N20002442,N21000549
N20002443,N21000550
N20002444,N21000550
N20002445,N21000549
N20002446,N21000550
N20002447,N21000551
N20002448,N21000550
N20002449,N21000551
N20002450,N21000551
N20002451,N21000552
N20002452,N21000551
N20002453,N21000552
N20002454,N21000552
N20002455,N21000552
N20002456,N21000553
N20002457,N21000553
N20002458,N21000554
N20002459,N21000553
N20002460,N21000554
N20002461,N21000555
N20002462,N21000555
N20002463,N21000553
N20002464,N21000554
N20002465,N21000554
N20002466,N21000555
N20002467,N21000554
N20002468,N21000553
N20002469,N21000554
N20002470,N21000555
N20002471,N21000554
N20002472,N21000557
N20002473,N21000556
N20002474,N21000556
N20002475,N21000556
N20002476,N21000557
N20002477,N21000556
N20002478,N21000556
N20002479,N21000557
N20002480,N21000557
N20002481,N21000558
N20002482,N21000557
N20002483,N21000557
N20002484,N21000558
N20002485,N21000561
N20002486,N21000561
N20002487,N21000561
N20002488,N21000561
N20002489,N21000559
N20002490,N21000559
N20002491,N21000559
N20002492,N21000560
N20002493,N21000560
N20002494,N21000560
N20002495,N21000559
N20002496,N21000560
N20002497,N21000560
N20002498,N21000561
N20002499,N21000561
N20002500,N21000562
N20002501,N21000562
N20002502,N21000564
N20002503,N21000564
N20002504,N21000564
N20002505,N21000563
N20002506,N21000564
N20002507,N21000564
N20002508,N21000565
N20002509,N21000563
N20002510,N21000566
N20002511,N21000562
N20002512,N21000566
N20002513,N21000563
N20002514,N21000562
N20002515,N21000563
N20002516,N21000565
N20002517,N21000566
N20002518,N21000563
N20002519,N21000565
N20002520,N21000564
N20002521,N21000567
N20002522,N21000567
N20002523,N21000567
N20002524,N21000565
N20002525,N21000566
N20002526,N21000569
N20002527,N21000567
N20002528,N21000569
N20002529,N21000567
N20002530,N21000566
N20002531,N21000568
N20002532,N21000568
N20002533,N21000569
N20002534,N21000568
N20002535,N21000569
N20002536,N21000568
N20002537,N21000568
N20002538,N21000569
N20002539,N21000569
N20002540,N21000570
N20002541,N21000570
N20002542,N21000570
N20002543,N21000570
N20002544,N21000571
N20002545,N21000571
N20002546,N21000571
N20002547,N21000570
N20002548,N21000572
N20002549,N21000572
N20002550,N21000574
N20002551,N21000572
N20002552,N21000574
N20002553,N21000574
N20002554,N21000573
N20002555,N21000573
N20002556,N21000573
N20002557,N21000573
N20002558,N21000573
N20002559,N21000573
N20002560,N21000575
N20002561,N21000575
N20002562,N21000575
N20002563,N21000574
N20002564,N21000572
N20002565,N21000576
N20002566,N21000576
N20002567,N21000576
N20002568,N21000576
N20002569,N21000576
N20002570,N21000576
N20002571,N21000577
N20002572,N21000577
N20002573,N21000576
N20002574,N21000577
N20002575,N21000577
N20002576,N21000578
N20002577,N21000579
N20002578,N21000578
N20002579,N21000578
N20002580,N21000579
N20002581,N21000580
N20002582,N21000580
N20002583,N21000579
N20002584,N21000580
N20002585,N21000579
N20002586,N21000580
N20002587,N21000581
N20002588,N21000581
N20002589,N21000581
N20002590,N21000584
N20002591,N21000582
N20002592,N21000583
N20002593,N21000584
N20002594,N21000581
N20002595,N21000582
N20002596,N21000583
N20002597,N21000582
N20002598,N21000584
N20002599,N21000582
N20002600,N21000582
N20002601,N21000583
N20002602,N21000583
N20002603,N21000582
N20002604,N21000584
N20002605,N21000583
N20002606,N21000585
N20002607,N21000586
N20002608,N21000583
N20002609,N21000586
N20002610,N21000586
N20002611,N21000585
N20002612,N21000584
N20002613,N21000585
N20002614,N21000587
N20002615,N21000585
N20002616,N21000587
N20002617,N21000587
N20002618,N21000586
N20002619,N21000588
N20002620,N21000587
N20002621,N21000586
N20002622,N21000588
N20002623,N21000586
N20002624,N21000586
N20002625,N21000589
N20002626,N21000588
N20002627,N21000589
N20002628,N21000587
N20002629,N21000589
N20002630,N21000590
N20002631,N21000588
N20002632,N21000588
N20002633,N21000590
N20002634,N21000590
N20002635,N21000590
N20002636,N21000590
N20002637,N21000590
N20002638,N21000590
N20002639,N21000591
N20002640,N21000591
N20002641,N21000591
N20002642,N21000592
N20002643,N21000593
N20002644,N21000591
N20002645,N21000591
N20002646,N21000593
N20002647,N21000593
N20002648,N21000592
N20002649,N21000592
N20002650,N21000593
N20002651,N21000592
N20002652,N21000594
N20002653,N21000593
N20002654,N21000595
N20002655,N21000593
N20002656,N21000594
N20002657,N21000595
N20002658,N21000598
N20002659,N21000594
N20002660,N21000595
N20002661,N21000595
N20002662,N21000596
N20002663,N21000598
N20002664,N21000596
N20002665,N21000597
N20002666,N21000597
N20002667,N21000599
N20002668,N21000596
N20002669,N21000597
N20002670,N21000599
N20002671,N21000597
N20002672,N21000599
N20002673,N21000597
N20002674,N21000598
N20002675,N21000598
N20002676,N21000598
N20002677,N21000596
N20002678,N21000598
N20002679,N21000596
N20002680,N21000600
N20002681,N21000600
N20002682,N21000600
N20002683,N21000600
N20002684,N21000596
N20002685,N21000602
N20002686,N21000601
N20002687,N21000601
N20002688,N21000601
N20002689,N21000602
N20002690,N21000602
N20002691,N21000603
N20002692,N21000603
N20002693,N21000603
N20002694,N21000603
N20002695,N21000604
N20002696,N21000604
N20002697,N21000604
N20002698,N21000604
N20002699,N21000606
N20002700,N21000606
N20002701,N21000604
N20002702,N21000605
N20002703,N21000605
N20002704,N21000605
N20002705,N21000606
N20002706,N21000606
N20002707,N21000607
N20002708,N21000605
N20002709,N21000607
N20002710,N21000608
N20002711,N21000608
N20002712,N21000608
N20002713,N21000609
N20002714,N21000607
N20002715,N21000605
N20002716,N21000606
N20002717,N21000605
N20002718,N21000607
N20002719,N21000608
N20002720,N21000609
N20002721,N21000609
N20002722,N21000609
N20002723,N21000608
N20002724,N21000609
N20002725,N21000610
N20002726,N21000610
N20002727,N21000611
N20002728,N21000610
N20002729,N21000611
N20002730,N21000612
N20002731,N21000612
N20002732,N21000611
N20002733,N21000612
N20002734,N21000611
N20002735,N21000611
N20002736,N21000611
N20002737,N21000612
N20002738,N21000612
N20002739,N21000614
N20002740,N21000612
N20002741,N21000615
N20002742,N21000613
N20002743,N21000614
N20002744,N21000613
N20002745,N21000615
N20002746,N21000613
N20002747,N21000615
N20002748,N21000615
N20002749,N21000616
N20002750,N21000616
N20002751,N21000614
N20002752,N21000616
N20002753,N21000616
N20002754,N21000617
N20002755,N21000618
N20002756,N21000617
N20002757,N21000618
N20002758,N21000615
N20002759,N21000617
N20002760,N21000617
N20002761,N21000618
N20002762,N21000618
N20002763,N21000619
N20002764,N21000619
N20002765,N21000619
N20002766,N21000619
N20002767,N21000620
N20002768,N21000621
N20002769,N21000619
N20002770,N21000621
N20002771,N21000623
N20002772,N21000622
N20002773,N21000622
N20002774,N21000623
N20002775,N21000621
N20002776,N21000622
N20002777,N21000623
N20002778,N21000620
N20002779,N21000620
N20002780,N21000622
N20002781,N21000622
N20002782,N21000623
N20002783,N21000621
N20002784,N21000620
N20002785,N21000624
N20002786,N21000623
N20002787,N21000624
N20002788,N21000624
N20002789,N21000624
N20002790,N21000625
N20002791,N21000624
N20002792,N21000625
N20002793,N21000625
N20002794,N21000626
N20002795,N21000625
N20002796,N21000626
N20002797,N21000626
N20002798,N21000627
N20002799,N21000627
N20002800,N21000627
N20002801,N21000627
N20002802,N21000628
N20002803,N21000629
N20002804,N21000629
N20002805,N21000630
N20002806,N21000630
N20002807,N21000630
N20002808,N21000629
N20002809,N21000628
N20002810,N21000630
N20002811,N21000631
N20002812,N21000633
N20002813,N21000631
N20002814,N21000630
N20002815,N21000631
N20002816,N21000631
N20002817,N21000632
N20002818,N21000632
N20002819,N21000633
N20002820,N21000633
N20002821,N21000632
N20002822,N21000633
N20002823,N21000633
N20002824,N21000633
N20002825,N21000634
N20002826,N21000634
N20002827,N21000634
N20002828,N21000635
N20002829,N21000635
N20002830,N21000636
N20002831,N21000635
N20002832,N21000634
N20002833,N21000635
N20002834,N21000635
N20002835,N21000636
N20002836,N21000636
N20002837,N21000638
N20002838,N21000637
N20002839,N21000638
N20002840,N21000637
N20002841,N21000640
N20002842,N21000638
N20002843,N21000637
N20002844,N21000638
N20002845,N21000638
N20002846,N21000637
N20002847,N21000640
N20002848,N21000639
N20002849,N21000639
N20002850,N21000641
N20002851,N21000641
N20002852,N21000641
N20002853,N21000639
N20002854,N21000642
N20002855,N21000642
N20002856,N21000641
N20002857,N21000642
N20002858,N21000642
N20002859,N21000639
N20002860,N21000640
N20002861,N21000639
N20002862,N21000640
N20002863,N21000640
N20002864,N21000640
N20002865,N21000645
N20002866,N21000643
N20002867,N21000644
N20002868,N21000645
N20002869,N21000643
N20002870,N21000643
N20002871,N21000647
N20002872,N21000644
N20002873,N21000646
N20002874,N21000646
N20002875,N21000646
N20002876,N21000647
N20002877,N21000647
N20002878,N21000646
N20002879,N21000647
N20002880,N21000648
N20002881,N21000648
N20002882,N21000645
N20002883,N21000648
N20002884,N21000648
N20002885,N21000649
N20002886,N21000649
N20002887,N21000645
N20002888,N21000649
N20002889,N21000650
N20002890,N21000649
N20002891,N21000650
N20002892,N21000650
N20002893,N21000650
N20002894,N21000651
N20002895,N21000651
N20002896,N21000653
N20002897,N21000651
N20002898,N21000651
N20002899,N21000652
N20002900,N21000653
N20002901,N21000651
N20002902,N21000651
N20002903,N21000653
N20002904,N21000652
N20002905,N21000651
N20002906,N21000652
N20002907,N21000652
N20002908,N21000652
N20002909,N21000653
N20002910,N21000653
N20002911,N21000654
N20002912,N21000653
N20002913,N21000655
N20002914,N21000655
N20002915,N21000654
N20002916,N21000657
N20002917,N21000657
N20002918,N21000654
N20002919,N21000655
N20002920,N21000654
N20002921,N21000656
N20002922,N21000656
N20002923,N21000656
N20002924,N21000656
N20002925,N21000657
N20002926,N21000654
N20002927,N21000657
N20002928,N21000655
N20002929,N21000658
N20002930,N21000658
N20002931,N21000658
N20002932,N21000659
N20002933,N21000662
N20002934,N21000659
N20002935,N21000659
N20002936,N21000662
N20002937,N21000659
N20002938,N21000660
N20002939,N21000662
N20002940,N21000660
N20002941,N21000661
N20002942,N21000664
N20002943,N21000661
N20002944,N21000658
N20002945,N21000660
N20002946,N21000660
N20002947,N21000660
N20002948,N21000658
N20002949,N21000661
N20002950,N21000660
N20002951,N21000664
N20002952,N21000662
N20002953,N21000661
N20002954,N21000659
N20002955,N21000661
N20002956,N21000663
N20002957,N21000663
N20002958,N21000659
N20002959,N21000662
N20002960,N21000663
N20002961,N21000665
N20002962,N21000663
N20002963,N21000665
N20002964,N21000665
N20002965,N21000665
N20002966,N21000666
N20002967,N21000666
N20002968,N21000664
N20002969,N21000664
N20002970,N21000667
N20002971,N21000666
N20002972,N21000667
N20002973,N21000666
N20002974,N21000667
N20002975,N21000668
N20002976,N21000668
N20002977,N21000668
N20002978,N21000668
N20002979,N21000669
N20002980,N21000668
N20002981,N21000669
N20002982,N21000671
N20002983,N21000670
N20002984,N21000671
N20002985,N21000669
N20002986,N21000670
N20002987,N21000669
N20002988,N21000669
N20002989,N21000671
N20002990,N21000672
N20002991,N21000670
N20002992,N21000672
N20002993,N21000670
N20002994,N21000674
N20002995,N21000673
N20002996,N21000669
N20002997,N21000673
N20002998,N21000672
N20002999,N21000673
N20003000,N21000671
N20003001,N21000675
N20003002,N21000675
N20003003,N21000675
N20003004,N21000674
N20003005,N21000675
N20003006,N21000673
N20003007,N21000672
N20003008,N21000675
N20003009,N21000674
N20003010,N21000675
N20003011,N21000675
N20003012,N21000673
N20003013,N21000673
N20003014,N21000674
N20003015,N21000671
N20003016,N21000671
N20003017,N21000671
N20003018,N21000679
N20003019,N21000682
N20003020,N21000676
N20003021,N21000682
N20003022,N21000676
N20003023,N21000677
N20003024,N21000679
N20003025,N21000677
N20003026,N21000676
N20003027,N21000679
N20003028,N21000676
N20003029,N21000676
N20003030,N21000677
N20003031,N21000676
N20003032,N21000677
N20003033,N21000681
N20003034,N21000678
N20003035,N21000681
N20003036,N21000682
N20003037,N21000678
N20003038,N21000678
N20003039,N21000680
N20003040,N21000680
N20003041,N21000681
N20003042,N21000681
N20003043,N21000681
N20003044,N21000683
N20003045,N21000680
N20003046,N21000680
N20003047,N21000683
N20003048,N21000679
N20003049,N21000683
N20003050,N21000681
N20003051,N21000683
N20003052,N21000683
N20003053,N21000683
N20003054,N21000679
N20003055,N21000682
N20003056,N21000682
N20003057,N21000685
N20003058,N21000684
N20003059,N21000684
N20003060,N21000684
N20003061,N21000684
N20003062,N21000685
N20003063,N21000687
N20003064,N21000686
N20003065,N21000687
N20003066,N21000686
N20003067,N21000686
N20003068,N21000687
N20003069,N21000686
N20003070,N21000688
N20003071,N21000687
N20003072,N21000686
N20003073,N21000689
N20003074,N21000687
N20003075,N21000690
N20003076,N21000688
N20003077,N21000690
N20003078,N21000688
N20003079,N21000690
N20003080,N21000689
N20003081,N21000689
N20003082,N21000690
N20003083,N21000689
N20003084,N21000690
N20003085,N21000691
N20003086,N21000690
N20003087,N21000691
N20003088,N21000692
N20003089,N21000689
N20003090,N21000692
N20003091,N21000691
N20003092,N21000690
N20003093,N21000691
N20003094,N21000691
N20003095,N21000692
N20003096,N21000691
N20003097,N21000693
N20003098,N21000693
N20003099,N21000693
N20003100,N21000692
N20003101,N21000694
N20003102,N21000694
N20003103,N21000694
N20003104,N21000695
N20003105,N21000694
N20003106,N21000695
N20003107,N21000695
N20003108,N21000696
N20003109,N21000697
N20003110,N21000696
N20003111,N21000698
N20003112,N21000696
N20003113,N21000697
N20003114,N21000696
N20003115,N21000696
N20003116,N21000698
N20003117,N21000697
N20003118,N21000697
N20003119,N21000695
N20003120,N21000697
N20003121,N21000699
N20003122,N21000698
N20003123,N21000698
N20003124,N21000698
N20003125,N21000701
N20003126,N21000699
N20003127,N21000700
N20003128,N21000700
N20003129,N21000699
N20003130,N21000699
N20003131,N21000701
N20003132,N21000703
N20003133,N21000700
N20003134,N21000702
N20003135,N21000704
N20003136,N21000702
N20003137,N21000703
N20003138,N21000699
N20003139,N21000704
N20003140,N21000701
N20003141,N21000700
N20003142,N21000702
N20003143,N21000702
N20003144,N21000703
N20003145,N21000704
N20003146,N21000705
N20003147,N21000705
N20003148,N21000703
N20003149,N21000704
N20003150,N21000705
N20003151,N21000703
N20003152,N21000701
N20003153,N21000701
N20003154,N21000706
N20003155,N21000707
N20003156,N21000707
N20003157,N21000706
N20003158,N21000707
N20003159,N21000706
N20003160,N21000707
N20003161,N21000706
N20003162,N21000708
N20003163,N21000709
N20003164,N21000706
N20003165,N21000709
N20003166,N21000708
N20003167,N21000708
N20003168,N21000709
N20003169,N21000709
N20003170,N21000710
N20003171,N21000708
N20003172,N21000710
N20003173,N21000711
N20003174,N21000710
N20003175,N21000712
N20003176,N21000711
N20003177,N21000711
N20003178,N21000710
N20003179,N21000710
N20003180,N21000712
N20003181,N21000712
N20003182,N21000711
N20003183,N21000713
N20003184,N21000712
N20003185,N21000713
N20003186,N21000713
N20003187,N21000716
N20003188,N21000715
N20003189,N21000714
N20003190,N21000716
N20003191,N21000715
N20003192,N21000714
N20003193,N21000716
N20003194,N21000715
N20003195,N21000716
N20003196,N21000715
N20003197,N21000714
N20003198,N21000716
N20003199,N21000716
N20003200,N21000717
N20003201,N21000718
N20003202,N21000717
N20003203,N21000718
N20003204,N21000717
N20003205,N21000718
N20003206,N21000718
N20003207,N21000719
N20003208,N21000719
N20003209,N21000719
N20003210,N21000719
N20003211,N21000720
N20003212,N21000721
N20003213,N21000719
N20003214,N21000720
N20003215,N21000721
N20003216,N21000720
N20003217,N21000722
N20003218,N21000722
N20003219,N21000720
N20003220,N21000722
N20003221,N21000723
N20003222,N21000721
N20003223,N21000721
N20003224,N21000721
N20003225,N21000725
N20003226,N21000723
N20003227,N21000724
N20003228,N21000724
N20003229,N21000724
N20003230,N21000725
N20003231,N21000723
N20003232,N21000725
N20003233,N21000724
N20003234,N21000725
N20003235,N21000725
N20003236,N21000726
N20003237,N21000727
N20003238,N21000726
N20003239,N21000729
N20003240,N21000727
N20003241,N21000726
N20003242,N21000728
N20003243,N21000726
N20003244,N21000729
N20003245,N21000726
N20003246,N21000728
N20003247,N21000726
N20003248,N21000728
N20003249,N21000728
N20003250,N21000727
N20003251,N21000728
N20003252,N21000729
N20003253,N21000728
N20003254,N21000729
N20003255,N21000728
N20003256,N21000729
N20003257,N21000730
N20003258,N21000730
N20003259,N21000730
N20003260,N21000730
N20003261,N21000735
N20003262,N21000733
N20003263,N21000731
N20003264,N21000732
N20003265,N21000731
N20003266,N21000733
N20003267,N21000731
N20003268,N21000732
N20003269,N21000731
N20003270,N21000732
N20003271,N21000733
N20003272,N21000734
N20003273,N21000734
N20003274,N21000734
N20003275,N21000735
N20003276,N21000735
N20003277,N21000734
N20003278,N21000733
N20003279,N21000733
N20003280,N21000735
N20003281,N21000736
N20003282,N21000736
N20003283,N21000738
N20003284,N21000737
N20003285,N21000737
N20003286,N21000737
N20003287,N21000737
N20003288,N21000736
N20003289,N21000738
N20003290,N21000739
N20003291,N21000739
N20003292,N21000736
N20003293,N21000736
N20003294,N21000738
N20003295,N21000739
N20003296,N21000738
N20003297,N21000740
N20003298,N21000740
N20003299,N21000741
N20003300,N21000740
N20003301,N21000742
N20003302,N21000741
N20003303,N21000742
N20003304,N21000741
N20003305,N21000742
N20003306,N21000742
N20003307,N21000742
N20003308,N21000742
N20003309,N21000739
N20003310,N21000739
N20003311,N21000743
N20003312,N21000743
N20003313,N21000746
N20003314,N21000743
N20003315,N21000744
N20003316,N21000743
N20003317,N21000743
N20003318,N21000744
N20003319,N21000746
N20003320,N21000745
N20003321,N21000746
N20003322,N21000745
N20003323,N21000747
N20003324,N21000745
N20003325,N21000745
N20003326,N21000745
N20003327,N21000747
N20003328,N21000746
N20003329,N21000748
N20003330,N21000748
N20003331,N21000747
N20003332,N21000749
N20003333,N21000749
N20003334,N21000749
N20003335,N21000748
N20003336,N21000747
N20003337,N21000749
N20003338,N21000750
N20003339,N21000750
N20003340,N21000750
N20003341,N21000751
N20003342,N21000751
N20003343,N21000749
N20003344,N21000751
N20003345,N21000751
N20003346,N21000751
N20003347,N21000754
N20003348,N21000752
N20003349,N21000752
N20003350,N21000752
N20003351,N21000753
N20003352,N21000756
N20003353,N21000753
N20003354,N21000753
N20003355,N21000753
N20003356,N21000754
N20003357,N21000756
N20003358,N21000755
N20003359,N21000756
N20003360,N21000754
N20003361,N21000756
N20003362,N21000754
N20003363,N21000754
N20003364,N21000755
N20003365,N21000755
N20003366,N21000758
N20003367,N21000757
N20003368,N21000759
N20003369,N21000757
N20003370,N21000758
N20003371,N21000755
N20003372,N21000759
N20003373,N21000757
N20003374,N21000757
N20003375,N21000759
N20003376,N21000759
N20003377,N21000759
N20003378,N21000758
N20003379,N21000757
N20003380,N21000757
N20003381,N21000759
N20003382,N21000758
N20003383,N21000760
N20003384,N21000760
N20003385,N21000758
N20003386,N21000759
N20003387,N21000756
N20003388,N21000760
N20003389,N21000758
N20003390,N21000760
N20003391,N21000762
N20003392,N21000761
N20003393,N21000761
N20003394,N21000761
N20003395,N21000761
N20003396,N21000762
N20003397,N21000763
N20003398,N21000763
N20003399,N21000763
N20003400,N21000763
N20003401,N21000763
N20003402,N21000764
N20003403,N21000765
N20003404,N21000765
N20003405,N21000764
N20003406,N21000765
N20003407,N21000765
N20003408,N21000765
N20003409,N21000764
N20003410,N21000765
N20003411,N21000764
N20003412,N21000766
N20003413,N21000767
N20003414,N21000768
N20003415,N21000766
N20003416,N21000767
N20003417,N21000767
N20003418,N21000766
N20003419,N21000767
N20003420,N21000762
N20003421,N21000766
N20003422,N21000768
N20003423,N21000768
N20003424,N21000768
N20003425,N21000769
N20003426,N21000769
N20003427,N21000769
N20003428,N21000769
N20003429,N21000770
N20003430,N21000770
N20003431,N21000770
N20003432,N21000773
N20003433,N21000775
N20003434,N21000773
N20003435,N21000773
N20003436,N21000773
N20003437,N21000771
N20003438,N21000773
N20003439,N21000773
N20003440,N21000772
N20003441,N21000772
N20003442,N21000771
N20003443,N21000771
N20003444,N21000772
N20003445,N21000772
N20003446,N21000774
N20003447,N21000773
N20003448,N21000771
N20003449,N21000772
N20003450,N21000772
N20003451,N21000774
N20003452,N21000774
N20003453,N21000774
N20003454,N21000774
N20003455,N21000774
N20003456,N21000775
N20003457,N21000776
N20003458,N21000776
N20003459,N21000776
N20003460,N21000776
N20003461,N21000775
N20003462,N21000777
N20003463,N21000777
N20003464,N21000777
N20003465,N21000777
N20003466,N21000777
N20003467,N21000776
N20003468,N21000777
N20003469,N21000776
N20003470,N21000778
N20003471,N21000778
N20003472,N21000778
N20003473,N21000778
N20003474,N21000779
N20003475,N21000779
N20003476,N21000779
N20003477,N21000780
N20003478,N21000779
N20003479,N21000780
N20003480,N21000780
N20003481,N21000780
N20003482,N21000781
N20003483,N21000783
N20003484,N21000782
N20003485,N21000784
N20003486,N21000784
N20003487,N21000781
N20003488,N21000782
N20003489,N21000781
N20003490,N21000783
N20003491,N21000785
N20003492,N21000782
N20003493,N21000784
N20003494,N21000783
N20003495,N21000784
N20003496,N21000781
N20003497,N21000786
N20003498,N21000785
N20003499,N21000787
N20003500,N21000789
N20003501,N21000785
N20003502,N21000788
N20003503,N21000787
N20003504,N21000787
N20003505,N21000786
N20003506,N21000788
N20003507,N21000786
N20003508,N21000790
N20003509,N21000793
N20003510,N21000787
N20003511,N21000786
N20003512,N21000793
N20003513,N21000787
N20003514,N21000785
N20003515,N21000786
N20003516,N21000789
N20003517,N21000793
N20003518,N21000789
N20003519,N21000792
N20003520,N21000792
N20003521,N21000791
N20003522,N21000789
N20003523,N21000790
N20003524,N21000791
N20003525,N21000792
N20003526,N21000791
N20003527,N21000791
N20003528,N21000792
N20003529,N21000793
N20003530,N21000794
N20003531,N21000794
N20003532,N21000794
N20003533,N21000794
N20003534,N21000794
N20003535,N21000790
N20003536,N21000790
N20003537,N21000795
N20003538,N21000795
N20003539,N21000800
N20003540,N21000795
N20003541,N21000796
N20003542,N21000796
N20003543,N21000796
N20003544,N21000800
N20003545,N21000800
N20003546,N21000797
N20003547,N21000797
N20003548,N21000798
N20003549,N21000798
N20003550,N21000799
N20003551,N21000798
N20003552,N21000802
N20003553,N21000799
N20003554,N21000801
N20003555,N21000799
N20003556,N21000801
N20003557,N21000801
N20003558,N21000802
N20003559,N21000804
N20003560,N21000804
N20003561,N21000802
N20003562,N21000803
N20003563,N21000802
N20003564,N21000802
N20003565,N21000804
N20003566,N21000802
N20003567,N21000804
N20003568,N21000803
N20003569,N21000800
N20003570,N21000805
N20003571,N21000805
N20003572,N21000803
N20003573,N21000805
N20003574,N21000805
N20003575,N21000804
N20003576,N21000805
N20003577,N21000805
N20003578,N21000806
N20003579,N21000806
N20003580,N21000806
N20003581,N21000806
N20003582,N21000808
N20003583,N21000806
N20003584,N21000806
N20003585,N21000807
N20003586,N21000809
N20003587,N21000807
N20003588,N21000807
N20003589,N21000808
N20003590,N21000809
N20003591,N21000810
N20003592,N21000811
N20003593,N21000809
N20003594,N21000810
N20003595,N21000808
N20003596,N21000811
N20003597,N21000809
N20003598,N21000808
N20003599,N21000811
N20003600,N21000810
N20003601,N21000812
N20003602,N21000809
N20003603,N21000812
N20003604,N21000810
N20003605,N21000811
N20003606,N21000810
N20003607,N21000813
N20003608,N21000813
N20003609,N21000813
N20003610,N21000812
N20003611,N21000814
N20003612,N21000810
N20003613,N21000814
N20003614,N21000812
N20003615,N21000812
N20003616,N21000813
N20003617,N21000813
N20003618,N21000813
N20003619,N21000814
N20003620,N21000814
N20003621,N21000815
N20003622,N21000816
N20003623,N21000815
N20003624,N21000815
N20003625,N21000816
N20003626,N21000818
N20003627,N21000819
N20003628,N21000817
N20003629,N21000819
N20003630,N21000818
N20003631,N21000820
N20003632,N21000817
N20003633,N21000820
N20003634,N21000819
N20003635,N21000816
N20003636,N21000820
N20003637,N21000816
N20003638,N21000819
N20003639,N21000818
N20003640,N21000817
N20003641,N21000819
N20003642,N21000817
N20003643,N21000816
N20003644,N21000820
N20003645,N21000821
N20003646,N21000821
N20003647,N21000821
N20003648,N21000822
N20003649,N21000822
N20003650,N21000823
N20003651,N21000824
N20003652,N21000823
N20003653,N21000824
N20003654,N21000822
N20003655,N21000823
N20003656,N21000824
N20003657,N21000824
N20003658,N21000823
N20003659,N21000825
N20003660,N21000824
N20003661,N21000827
N20003662,N21000825
N20003663,N21000826
N20003664,N21000825
N20003665,N21000825
N20003666,N21000826
N20003667,N21000827
N20003668,N21000825
N20003669,N21000827
N20003670,N21000826
N20003671,N21000826
N20003672,N21000827
N20003673,N21000828
N20003674,N21000828
N20003675,N21000827
N20003676,N21000828
N20003677,N21000828
N20003678,N21000828
N20003679,N21000833
N20003680,N21000829
N20003681,N21000829
N20003682,N21000829
N20003683,N21000830
N20003684,N21000830
N20003685,N21000833
N20003686,N21000830
N20003687,N21000830
N20003688,N21000831
N20003689,N21000830
N20003690,N21000830
N20003691,N21000830
N20003692,N21000832
N20003693,N21000831
N20003694,N21000832
N20003695,N21000832
N20003696,N21000834
N20003697,N21000834
N20003698,N21000835
N20003699,N21000835
N20003700,N21000831
N20003701,N21000834
N20003702,N21000834
N20003703,N21000835
N20003704,N21000831
N20003705,N21000835
N20003706,N21000834
N20003707,N21000837
N20003708,N21000835
N20003709,N21000835
N20003710,N21000836
N20003711,N21000837
N20003712,N21000836
N20003713,N21000837
N20003714,N21000836
N20003715,N21000837
N20003716,N21000836
N20003717,N21000836
N20003718,N21000837
N20003719,N21000836
N20003720,N21000837
N20003721,N21000833
N20003722,N21000838
N20003723,N21000837
N20003724,N21000838
N20003725,N21000838
N20003726,N21000833
N20003727,N21000838
N20003728,N21000838
N20003729,N21000838
N20003730,N21000841
N20003731,N21000841
N20003732,N21000839
N20003733,N21000839
N20003734,N21000839
N20003735,N21000839
N20003736,N21000839
N20003737,N21000841
N20003738,N21000840
N20003739,N21000840
N20003740,N21000841
N20003741,N21000842
N20003742,N21000842
N20003743,N21000841
N20003744,N21000842
N20003745,N21000842
N20003746,N21000842
N20003747,N21000842
N20003748,N21000843
N20003749,N21000843
N20003750,N21000843
N20003751,N21000843
N20003752,N21000842
N20003753,N21000843
N20003754,N21000844
N20003755,N21000844
N20003756,N21000844
N20003757,N21000845
N20003758,N21000845
N20003759,N21000844
N20003760,N21000846
N20003761,N21000846
N20003762,N21000847
N20003763,N21000846
N20003764,N21000847
N20003765,N21000847
N20003766,N21000847
N20003767,N21000846
N20003768,N21000847
N20003769,N21000848
N20003770,N21000848
N20003771,N21000849
N20003772,N21000848
N20003773,N21000849
N20003774,N21000849
N20003775,N21000850
N20003776,N21000850
N20003777,N21000850
N20003778,N21000850
N20003779,N21000850
N20003780,N21000849
